ave_flot_air_flow,ave_flot_level,iron_feed,starch_flow,amina_flow,ore_pulp_flow,ore_pulp_pH,ore_pulp_density,true_label,predicted_label
0.5282392547589218,1.6305567699340675,-0.6763766248962402,-1.8906799760780428,0.9500010810953162,-0.8961162986338012,0.3710974993980027,0.4758474724974202,2.0500000000000065,1.746725785524894
0.6381846307055522,1.6331683019852152,1.1185121741692612,-0.0821146243166569,-1.7760588607443977,-0.18876855447569,0.469988633105096,-0.1449418531064518,0.9900000000000008,1.5574079677751893
0.5761626756183433,-0.59310868908006,-1.0427162332992783,-1.549309815479427,1.1069372125138757,-0.0862714046250291,-0.131097838759541,1.9509632937686243,2.930000000000004,2.3836296310623037
-2.0545492539016608,-0.8595189868347128,1.1185121741692612,0.1532507062827555,0.374007904336845,-0.1178618811630079,-0.1690279583453179,0.6860303614959703,4.78999999999999,2.63392252983943
0.6112249102003428,0.5965369203063783,1.1185121741692612,-0.4343242272664364,-0.1184381296506327,-1.1013570948661169,0.0063175897986718,0.5928907540531392,1.689999999999998,1.8112737726499626
-0.7536924898286421,0.2665684307677579,-0.0330912838249603,-0.6098493150056331,0.8126658227422309,-0.145939782126677,2.186233769792432,0.2389661401823615,1.8500000000000023,2.1597723638900606
-2.053475485539257,-0.6300593065231703,-0.8832095138510795,-1.1973306164051944,-1.0185930155616223,1.8907832166931744,-0.3927781740451611,-1.940048101585829,2.089999999999994,3.083134320977775
-2.0418671029689732,1.632665906533112,-0.8534115552728334,-0.3318530289394354,-0.784432962123504,-0.8148567709977459,-0.1328303907485183,0.69693812613787,1.0800000000000034,1.6525921349387338
0.6062724124572125,-0.8202939591860144,-0.7692761428166114,2.014578608270177,-2.4546303985405906,-0.3153185764002891,1.1177386698853116,-2.745870485389468,1.1899999999999982,2.209627375920785
0.6109517352464557,-0.8485013332556914,1.1185121741692612,0.3856697711302425,-2.14895134027848,-0.3352847954522623,0.2724520544079723,-1.5924750222541046,1.6399999999999926,1.5670824687780458
0.6060477493521971,-0.5930516905925811,1.1185121741692612,-0.0498208313591781,-0.0660484260838452,-0.7926720831624487,0.667476568096475,0.4154886929544759,1.4199999999999944,1.8411587566392003
-2.0485454688967897,-0.5837312825156148,1.1185121741692612,0.5407111336754614,-0.0834346873406123,-0.1906756592196055,-0.010309056849701,1.8930773470000335,3.3099999999999943,3.0212515967443077
0.6311016049651131,-0.605435657335661,1.1185121741692612,0.0712811774150189,0.4169525505875822,-0.4952286106451992,-0.0679292364601155,-0.4996624946352301,1.2400000000000029,2.6466020093102745
0.6094381064005975,-0.3388160992073474,-0.970850568492952,-0.723480789993802,1.0681003814458878,-0.8353386867407235,-1.0766953761060174,1.360862702825625,1.219999999999999,2.0786830406537953
0.5920495666166743,-0.8471731199493329,-1.4143143049808156,0.5137117238216775,1.3234337464780652,-0.0691593559379284,-0.9347853451408218,1.7527373183536334,1.0999999999999963,2.422047395508049
0.5969270780567936,-0.8521696205657097,-0.3433406172571632,-0.7946213069163677,1.5267691392220744,0.8642192208598984,0.0368073125613717,1.0331632871304723,1.529999999999999,2.0904636745967844
0.5898725973981707,-0.6033199461041342,1.1185121741692612,0.1561758919309112,0.3696720011500028,-0.0015544387972579,0.1878057358968997,-0.8839713925532261,1.6299999999999968,2.8242153932572043
0.6284307910410926,-1.5524434115301298,-1.2179983425830223,-0.0745981786484238,1.5139481563345845,1.0590747290150648,0.9589055696897916,0.9372056430679752,2.569999999999994,2.4071160685980213
-0.7990247419793677,0.9362730721807764,1.1185121741692612,0.148225938273637,0.6424437152562789,2.5589463349653667,-1.19427405346432,0.7525048236806527,1.689999999999998,2.7381473722764915
0.6043532363868974,1.6331232698790428,1.1185121741692612,0.4623571285890974,-2.0172819192391644,-0.1429980406257001,-0.3890867628267202,-0.6560578864405238,1.1999999999999966,1.5212212086502348
0.6057858149486369,-0.8911160240925952,1.1185121741692612,-1.031949954131459,0.1854825711886623,1.4843980073766612,0.2734999842411628,-0.2284580572730494,5.2100000000000115,2.4750811457379807
-2.0255693402749437,-0.6028456097530059,-0.1750697923447963,0.2094276226899581,0.2745611913063867,-1.4356128783386102,0.1897446436064279,0.7822497287353392,0.8499999999999972,3.10208717512587
-0.6894253827109564,-0.6075384668825292,-0.0330912838249603,0.0419848085715046,1.0529432556602278,-1.7341007177392065,0.7875106125090873,0.3487323611017051,5.200000000000016,2.3252438680071483
-2.0799764141077857,-0.6355092367095521,-0.8534115552728334,1.2741255869698451,0.0403682719143251,1.8529427557315716,1.511834392816847,0.0731897492716633,3.54,2.5704532576914567
0.5718605028737632,-0.8638695504412341,1.1185121741692612,0.756664633612788,1.108393011230722,-0.0889050254615835,1.1229526670971102,0.3035580382844306,1.8700000000000032,2.2846436608843894
-2.0476593881448464,-0.6161000963494421,-0.8832095138510795,-1.8820112079934568,-0.2375127679449561,-0.2589097911905251,0.0557356045532206,-0.4066210333836802,2.8500000000000094,2.898938664811151
-2.0480025207345025,0.2082705409975554,-0.8832095138510795,-1.4583457206482366,0.6073437345698218,0.152791310429927,0.4483334433732048,1.1113948265473823,2.4499999999999926,2.663122490208383
0.6208302562785949,-0.6085857590720427,1.1185121741692612,-0.1522887061370547,-1.8869160666235256,0.4646288830366709,-0.4623569146806212,-1.7225899851412527,2.149999999999995,1.819387266604008
0.6103204896030995,-0.7779485669461906,0.4103724526628994,-0.7596236065793188,-1.0810565201638096,-0.4066066208177102,0.2270456252633053,-0.8668262682355616,1.5800000000000034,1.6951366967344323
-0.7289016039331245,1.0247933228904416,1.1185121741692612,-0.7309118275230222,0.7578437167894667,-0.5557564826316997,-0.2091766869487312,-0.2128229177493949,1.6399999999999926,2.3180041567579157
0.6066900876439305,-0.6127234036182135,-0.6045109600899237,-1.381880885194053,-0.9129135275119726,0.3013703381705173,0.0530157373487697,-1.4284476414732188,1.990000000000005,2.5491450702873886
0.5997517100382539,0.1380200702377016,-1.2179983425830223,-0.2070819450664565,0.6582579026850258,-2.006881563603711,1.0814573059047556,-0.3445069035684799,1.300000000000004,2.4056410251245612
0.6066519289335335,-0.5332369479935121,1.1185121741692612,-1.0203906323172895,-0.5576807059167701,-1.2328824546767216,-0.1823899662874434,-0.4180037353421898,1.5500000000000052,1.8932938755522932
0.6106262029922338,-0.8475506248931677,-1.4143143049808156,-0.5701421665757268,1.219113347145011,-0.3503859513826874,-0.7272359536493171,0.5026729700069699,1.0999999999999963,1.819863474438288
0.5962551593694329,-0.9616618168902366,-0.7044217623816642,-0.4675535997925655,0.5948285852589095,-0.7718885335058171,0.3902374675157174,-0.0002890326277848,1.8700000000000032,2.1578295376304752
0.5944773775903699,-0.5972365679587264,1.1185121741692612,-0.1322146228978005,-0.4000463231478437,0.2913677683920925,-0.4347785937137991,-0.8223254313517854,1.1100000000000043,1.9291993079749183
0.6450681366772956,-0.1265229768736891,1.1185121741692612,-0.2345729234103901,-1.5560892621491011,0.7766026774111454,1.633791383722982,-1.9543537550581631,1.0699999999999956,1.6664399293785683
-2.160156442972002,1.634616729283022,-0.9322885044505306,0.0897735583659704,-0.9500361802617902,1.8883279815042795,0.2349500374358406,0.6479462549134899,1.0,1.5825251348299842
0.6076174330478219,-0.8607728710324049,1.1973891233468723,-0.1705524577111443,0.1872177305139744,-0.1273844313799866,-0.9937027535765524,-1.1377187812080378,1.7900000000000025,2.581593678105416
0.5784449510453787,-0.5667626649897675,1.1185121741692612,-1.2910154882614742,0.5363569639758485,-0.9250861278366298,-0.2242562357362794,-0.6357698277664101,3.209999999999996,2.304447197819352
-0.7183131534051682,1.6090602525326336,1.1185121741692612,-0.4174089068352143,-0.6100641452155797,0.3079608770128045,0.5647243402441929,-1.0737421299921108,1.910000000000004,1.6846226042062107
0.6132421452823029,1.6087801841923908,-1.3932804518667647,0.1383469756240728,1.23903449163761,1.3392764178285832,1.4041075859920755,0.7772657072038187,1.1299999999999972,1.7076805159994504
0.5850564652790232,0.2952952787456011,1.1185121741692612,-0.1393275592120064,-1.2423026824843268,-0.8413129842542323,0.4600472657535957,0.0618623250530836,2.6499999999999915,1.9123865054924765
0.6091437814637943,-0.0966486996435067,-1.5019553596226856,2.2652623661332876,2.7366490851298595,3.3119644428817026,-2.537579915484109,-0.0929209873569303,3.170000000000001,2.365861975093248
0.5971993655988554,-0.1597205520164808,-1.3144035026891023,-0.7993775413699228,0.0595709992623611,2.6180485292718982,-1.390489271497777,-0.4744163611238845,1.560000000000002,1.896621151591234
0.6025222098956292,-1.2135689155281986,-2.111937099930062,1.7696358574003552,1.7963211053970405,-0.8741845940804653,-0.888247379793681,1.437456780211526,1.8600000000000083,2.2851382848832253
0.6052654957889987,1.6168360071008017,-0.9831203161427902,-0.5833698508293161,-1.4654420435848992,0.4682874105047976,0.8610579954829518,-2.1574633495790136,1.0900000000000027,1.6710867665666957
0.6153209075871937,-0.8445980097116121,-0.5396565796549664,-1.378037534513178,-0.2217296444204559,0.2963431062778328,-0.4535535440237849,0.7907489632799277,1.1999999999999966,1.7722925690145221
0.6140913984416592,-0.8572024329598201,-1.2179983425830223,0.4169711921171469,3.3010752910579364,2.2721641585250905,-0.7133911189245334,0.5389622422172186,1.219999999999999,2.2942333859339885
-2.04192448893655,-0.6016788738218798,-0.1873395399946357,0.3493999813932183,-0.1682829958023585,-0.8630663031593778,-0.2718706330879774,-0.2718053943795934,4.713084663428889,3.181291312550737
0.5967035981675933,-0.5716405883955924,-0.6045109600899237,-1.8062786481765265,0.9199271886283747,0.0616135407761008,-0.2347133023746929,1.8990022182275756,2.7599999999999936,2.1396212042589506
-0.8331844786898419,-0.097139706401684,1.1185121741692612,-0.2597877146874776,-0.6852164823943914,-0.8664913075971187,0.5465266539112636,-1.0082301113464536,1.7299999999999995,2.2822154549352276
0.3776813266908778,-0.8773872974262571,-2.111937099930062,2.062006346414526,1.5514433184996548,1.2659177527020586,-0.8242892673478893,0.9840608604262367,3.450000000000005,2.279362280221277
0.605632588499132,-0.3712120093298636,-1.0357049489279553,-0.1686671367054776,-0.2120026092332737,0.9062533662322744,0.6457681743113863,-0.4669978628008457,1.2400000000000029,2.000494328798085
-0.892496277926827,0.254763343451047,-0.9463110731932184,1.9982809731127935,0.8085703859246419,-0.080809560427207,1.1228918624648958,0.3260989468902417,1.6800000000000053,1.9492964699466058
0.5994760207507138,-0.8620015570570615,-2.150499163972495,-2.612802241982621,1.2349731914500188,-0.965361774030696,-0.0338366492245902,0.8976716552683814,1.0900000000000027,1.8674944868446286
-0.7291175408214389,1.629493742640867,1.1185121741692612,-0.2913570528271935,-1.10622703541417,-0.9435149869419414,0.2072884901286633,0.0124846377662846,1.0600000000000018,1.7169985673565689
0.6191565974922667,-0.8545386064469422,-1.352965566731474,-1.702400162265095,1.0049738083683102,-1.1432809654749645,-1.1940120235024207,1.0943783075838576,1.0399999999999994,2.1543176069434957
0.5984049146239215,0.1330903612852186,0.070325160652463,-1.7289310951586974,-0.9719648939250636,-0.276093194136809,-2.6300388226452305,0.6048657175109555,2.4700000000000113,1.8204458554551783
0.5853238720557744,1.5955179675887166,1.1185121741692612,0.4558448427056333,-1.5721941802617674,-0.7858934285456858,0.6799386674819339,0.3092775921922114,1.720000000000004,1.5212212086502348
0.6448205487656229,-0.505680134103777,-1.5475287080364677,0.9440813507617256,0.6428330008960711,0.5116351229200004,1.2255946865535283,0.1671934944449396,1.7799999999999951,1.9650252178150605
0.6195525310881336,-0.0242195222195318,-0.9410526099147034,0.2287286987590699,-0.0460948017908185,-2.246761609263326,0.163962339463464,-1.1753132849510852,3.4199999999999977,2.0732668575042577
-0.7425491110781418,0.4909585623405222,-0.0330912838249603,-1.9117261999711508,-0.0566844095168583,-3.1406894157915093,1.5648275299307532,-0.7827673792906098,1.5699999999999947,2.5569454206419704
0.6617362459249502,0.6422639568834881,-0.9375469677290292,0.4812020032312141,-0.1026945654075038,1.109145958664835,1.6925362590148738,0.4908356368404195,1.0399999999999994,1.821725939713428
-2.031200116490551,-0.6003291210291856,-0.7692761428166114,0.0284773387411847,-0.4404923845923091,-0.1335273844151347,-2.0915936629100917,-0.8072898860888513,4.429999999999986,2.8265679674762088
-2.0342150983180383,-0.6026213295076459,1.1185121741692612,0.2220742422542888,0.3811228255870497,0.9255190161945498,0.1550390696724209,0.661603241029402,3.3649944506111145,2.9920197618451216
0.6154920301760772,0.6157040096571748,-0.4274760297133703,-0.2744802217721816,-1.5514851968054575,-0.4823199764950905,0.1138787040006676,0.3760147460536073,1.1100000000000043,1.6618608304476892
-2.0747711518837364,-1.8095475085476849,-0.8832095138510795,0.7519717709818768,0.007285128082673,0.5213425455361369,-0.6193523848821236,0.0414727358361779,1.3899999999999937,2.542347714779012
-2.0424576755682975,-2.1470834026996135,1.1185121741692612,-0.8223616759257497,-1.6134129777772688,-1.4046645901326829,-1.1114070305032258,-0.9381492182774488,1.8799999999999968,2.230641114173652
0.6204137643077376,-0.8684686296538672,0.3455180722279647,-0.2645033424935763,0.6522532156699236,-0.2627369741796939,-0.6433586237212133,0.6083673931184311,1.660000000000001,2.3240484801883214
0.5962270579935475,0.6355741995588259,-1.0006485270711942,0.1358560810456877,-0.4850675425682925,0.0362179112808115,0.9637334574871054,0.8979189636125791,1.1200000000000028,1.663904133306762
0.599108484334668,-0.8414454871900461,1.1185121741692612,0.8675714110789345,0.8472174869034421,-0.6528177352868824,0.2243669912000857,0.9600533995362944,1.8199999999999947,2.234019054074138
0.5914755590389182,-0.8697596233880488,-1.1180875402912418,1.7304775909206191,1.294833587413004,-0.4106543533352635,-0.3150020189156577,0.6160825862496437,2.58999999999999,2.2081427471473085
0.6061668104447178,0.6287356739811396,-0.1663056868805687,0.5078443220293064,0.979990963721775,1.3299290098834815,-0.7827220806837626,0.6238575695894149,1.169999999999996,2.0761215222567118
0.5901806772189537,2.3790633332078692,-0.622039171018268,-2.0790931567718594,-0.8724574195271164,0.3875150276913054,-0.454143728985149,-1.5126538222656358,1.340000000000003,1.6793144692085622
-0.7459360663810279,-0.1945017333023668,1.1185121741692612,-1.4159239611990824,-0.3270621520921853,1.2114095854853089,-0.6900292191723771,-0.8389459811986019,1.7400000000000044,3.0585455722687147
0.5908338123550924,-0.8682464951044677,-1.3950332729596118,0.4768136188276207,0.8898552698349066,0.1115161149043641,-2.2269793568393803,0.8421132648530683,2.7799999999999874,2.1306727631869826
0.6047683972399626,0.6234018039389053,-1.4528763690232418,2.796491493175691,0.8690345592976022,-1.0552427832219469,2.3445975342330696,0.1683148428836686,1.2700000000000038,2.0105196194916095
0.6162637826988332,-0.4902396372242903,-1.0006485270711942,-1.0081816183276635,0.3786739258651911,-1.015757930925737,-0.6687451277114344,0.7360488193191782,2.800000000000008,1.9764798065535643
0.5933965099329834,1.6231616288179738,1.1185121741692612,-0.0214408819228874,-2.067690140449898,0.0395780482103367,-0.2868354131322333,-1.1106259199359334,1.1299999999999972,1.5574079677751893
0.6441777667679678,-0.8593164936559947,-1.3950332729596118,1.1719485827308485,1.0516952075294974,1.1728328783048478,-1.972944443996015,1.013653629284056,1.3300000000000052,2.43513710639154
-2.060931520068951,-1.9626876517589793,1.1185121741692612,0.2508272286692388,-1.5469760394123555,0.0302436137669046,-1.495739619661428,-1.0333442551522478,1.8199999999999947,2.0385721446590317
-0.7383692532696109,-1.1613750539345793,-0.0330912838249603,-0.2685270045314569,1.5660850580729233,3.013783791076776,0.9311949986478988,0.8846083094591283,2.9700000000000135,2.8904716404645483
0.5835617678864002,0.1233292327604491,0.3665519253419644,-1.0714562502948626,0.6886843103968051,-1.2363658398720423,0.2816573056808014,1.2339433197540035,2.1800000000000055,2.849369524956987
0.6062559953376393,-0.9014785603230072,1.1185121741692612,-0.0261088919066206,-0.2157157755331072,-1.3257273192940389,0.26256503119649,0.2985052016072929,1.7099999999999989,1.7587809126348573
0.5413106097474859,0.0472157853424729,-1.5475287080364677,0.0963217572576643,1.43514049006993,-0.5425429711926856,1.187196561314248,1.1192013971670844,1.7900000000000025,1.9551217392051108
0.6014022961159933,0.6204038815619376,-0.4274760297133703,-0.3951957409520774,-0.8111590753189868,0.8399263390047395,0.1260945446256988,0.4717772258506053,1.3899999999999937,1.848594895224855
0.6077944717158454,1.6226242420164123,1.1185121741692612,0.1004593457987124,-1.9727538719908913,-1.4934876692356531,0.4199454707256385,-0.583270640348876,1.1500000000000037,1.5733077906133763
-0.7169524552048702,-0.1113342554076277,1.1185121741692612,0.0215648179338013,-0.7769259663470849,-0.586244211527889,0.4661499606680299,-1.1537696318983792,1.4900000000000038,1.9597098243329003
0.6030298094851259,-0.6072693195845286,1.1185121741692612,0.1173985260500154,0.4678519590576839,0.6870401087141317,0.1360636540906853,0.0766654781848504,1.6399999999999926,2.517217176640478
0.5822955790502288,-0.8584913085069618,-1.2179983425830223,1.5126172851785795,1.1405146328329363,0.9423586213471185,-0.7384996317368804,0.3416240949926448,2.209999999999994,2.310177659951609
-2.031681685331866,-0.6080379188799235,-0.304778553214748,0.0969844770692159,-0.0022331267757012,0.2209476013915586,-0.0805758399014463,0.0310399085109153,3.370000000000004,3.3814659636249758
0.611875678904851,-0.8611860550487578,-1.4143143049808156,-0.5979946772547158,1.1091293630603252,1.081797817169056,-1.2588309015228218,0.5352236620100194,1.0999999999999963,1.7486629534668094
0.6086944552537451,0.4660724991348484,-1.6001133408215291,0.1783172411918804,-0.7891328793484762,1.233678601081326,1.0839426952462596,0.280400049602142,1.5,1.874360013771034
-0.7273893062050949,1.648061192498423,1.1185121741692612,0.1642356110942667,-1.6225262863259065,0.5885712311285859,-0.202139500843038,0.2316349299232099,1.4399999999999984,1.5519786399597169
-2.048089930803665,-0.6032135691007237,1.1185121741692612,0.5796211224948373,-0.0516174405128516,0.0266240068042515,-0.015950966660623,-0.0709497779075852,4.127882382633886,3.3360688868755526
0.6169748954104384,0.6462655147899187,-0.0330912838249603,0.8641562430284708,0.7457051100526577,0.2127872688488337,0.9754805324006852,0.4140435748961533,2.160000000000007,1.972016580963118
0.6171053449553083,1.6152486597442417,1.1185121741692612,-0.1161280243061897,-0.1669728198631424,-0.2868157932571705,0.3129591503124693,-0.6708452459323002,1.92,1.6880151548100029
0.6129424958742856,-0.8613539144940151,-1.2179983425830223,0.8446101689137951,0.9253423479579672,-0.9362887465185702,-1.6592915393452246,0.041634056587479,1.9300000000000057,2.27302920680125
0.6470278378896747,-0.364776131851203,-1.7946764821265364,-1.3206667714516789,-1.656873181864184,0.1227057600849666,-1.8419003908208476,0.2435658968125438,2.1100000000000088,2.2041882324711373
0.6166480320384152,-1.1005384390615174,-1.5562928135005942,-2.234193405346687,1.51184971237221,-0.8299514401770707,-1.169271568729373,1.4373563777859326,3.2900000000000027,2.6401122718421357
0.6080850991031896,-0.8547708917887579,1.1185121741692612,0.5553181181369976,0.7226383591018621,-0.6966097901345036,0.0625461033894508,-0.3151532955446692,2.0400000000000045,2.785637259529875
0.6079111663766993,-0.5924344453889298,1.1185121741692612,1.00331124192932,-1.521682555723371,-0.2510348756835375,0.170254288795617,-1.0186336076260791,1.4399999999999984,1.695618392332031
0.601544725721093,-1.0929961252099063,-0.0330912838249603,0.9919915717838412,1.2432552352678283,0.1360814402943871,0.50540638129383,0.5252206473156449,4.75,2.650213231013508
-2.0444293568409333,0.3798095522238676,0.2718995863287874,1.5613043061790677,-0.0310339998518795,-0.8174255243255537,0.7972051510567951,0.1915066750802002,1.5099999999999962,2.1128532354888274
-2.0993265778298333,-0.625660024614851,1.1185121741692612,0.4904721518166629,0.0550941929518525,1.2311487682581954,-1.4686443154916764,0.1175191123499036,1.280000000000001,3.2319494624740903
0.573248415038058,-0.3680599819689077,-1.0357049489279553,0.84182620956004,-0.1467793942430214,0.9121109022308888,0.6892104238212932,0.305747713656212,2.310000000000002,1.8962230230849582
0.5903378970218806,0.663659021378651,-0.2907559844720603,0.4861298356430156,1.1806935618632908,-0.0126532694658409,-1.9489594867781912,0.3900778543405077,2.0400000000000045,2.1066589387441126
0.6002349058013242,0.528541080836809,1.1185121741692612,-0.0445316444327142,0.254419853503598,0.2000926974756773,1.184063222610772,-0.1628281503861544,1.219999999999999,2.230935870322208
0.5460993800006598,1.6119832130957124,1.1185121741692612,0.0953013277125931,-1.322993791020519,-0.2828913090060764,-0.3686928891841982,-2.2360688598283636,1.6500000000000004,1.5771498088859666
0.6289747745172544,-0.6025930503352868,-0.3398349750715015,2.873627259972121,1.2880734983286803,0.8158280596751565,1.7958661308731405,0.8754197953409655,1.4300000000000048,1.8610088769042084
0.6332285833149488,0.6360453998927909,1.1185121741692612,0.3005994997454245,-0.5884153499380679,-1.8117406384127412,0.6039741103633235,0.1056095796862657,2.0500000000000065,1.8242062492076478
-0.7078255720264092,-0.6159165843272681,1.1185121741692612,0.3158685585334238,-1.1558138652121297,0.0011570230496463,0.2700286097855215,-0.1369107871755732,1.169999999999996,2.0831468051805557
0.5856746955482932,0.6476089130215086,-0.2907559844720603,0.2149774506892931,1.4521469479007818,-0.0777283537833143,-2.1567539969432845,0.8330815590176186,1.6699999999999977,2.2533392574677285
0.6238239402212439,0.6331929171892273,-1.2004701316546342,-0.2939958236456914,-1.4064201106501422,-0.3557245473148467,0.7992611076832508,0.6906003640365209,1.939999999999998,1.6758742800091253
-2.057766269831515,0.3610732388453791,1.1185121741692612,-1.6035751075366211,-1.743565888187438,-1.6724473944842224,-1.0843554296629052,-0.9122572377025432,2.2400000000000055,2.391632425397068
0.6074294496334162,0.9114749105316706,1.1185121741692612,-0.0567240167825704,-0.276292963165423,0.8815842528293586,0.7402160095199265,-1.8188883205804784,1.1299999999999972,1.8595138918820884
-2.0485592237808055,-0.617202378875086,1.1185121741692612,0.5829957810477963,0.1535997211708567,1.5230979628230503,-0.2396301169466048,0.238890979377857,3.820000000000008,3.1351301777904306
-2.0467261266618335,-0.6024770452089898,-0.1750697923447963,0.8684634554444144,0.4801306966111515,-1.632596040765612,0.2761594268423335,0.8942570953710328,3.690000000000011,3.180384435575172
0.6117402006927297,-0.4296646671196296,1.1185121741692612,-0.9694765595848004,-0.5850241498501775,1.624117214609625,0.2331770123635489,-1.5085043236072078,1.5,1.8887633881254107
-0.7346509975353126,-0.6143738564430472,-0.0330912838249603,1.5339782780534037,1.3048937443578523,0.4202724808676135,1.715279091605359,0.5570188851853035,3.3000000000000007,3.0128350502476247
-2.0569282572224945,-0.6052910979477839,-0.1750697923447963,0.2356399831965761,0.3441790906282507,-1.2112750876654594,0.6316322374099357,0.623129934033109,4.019999999999999,3.0700928244288743
0.6286443614977582,1.372052288933292,1.1185121741692612,-2.659899137691949,-2.0417319149536564,0.1925388761353792,-0.4888223208635989,-2.0792530563645224,2.4200000000000035,1.7685939173294396
-2.076669325873149,-0.6156354431390414,-1.1128290770127656,0.7328323265328825,-0.7091963576685557,-0.5278375070627872,0.8619043199575173,-0.5416713207532372,3.9099999999999993,2.5607128933733416
-2.0508102918904134,-0.6230647503369126,1.1185121741692612,0.7483678295453537,-1.030989057968968,-0.0840594225926063,-0.3932608108133401,-0.6542416178425872,1.660000000000001,2.7693322354082066
0.598327487938278,-0.6117585556695072,-0.872692587294036,-0.3259722003657122,1.3203891406145862,-0.019678420613664,-1.597217610439985,0.6499554315426901,3.440000000000008,2.2510550652855725
0.6132275029864436,-0.6139202893284242,-1.366988135474165,-0.1537459341535699,1.1891420856987276,-0.3387227733916064,-0.3123005831153691,0.3988309152419911,1.959999999999996,2.241311904269496
0.5826500261411954,-0.636142492106119,1.1185121741692612,0.1932340902980711,-0.2478586784840936,0.1302433645483436,0.4446393719521399,-0.0856694503708847,1.3100000000000018,1.855780035578613
0.6115857910273913,0.3781592644525675,-1.2390321956970756,0.1061231700873308,-1.5280922748601116,0.8885510232200664,-0.3893235208633752,0.4140548560675736,1.4300000000000048,1.7635579376824795
0.5998428176568843,1.6454700995767124,1.1185121741692612,-0.7078279557209984,-1.0434887611396455,0.731581383282015,-1.4489842777541175,-0.8558395353937467,1.660000000000001,1.697205650336664
0.5801397598146231,0.1188831581749126,-2.0085206554527115,0.550173022761757,0.9294226175239744,1.0206018098480276,0.2249425450467989,0.220465442104452,1.340000000000003,2.086010157845164
0.5806832995848541,-0.8594437224226849,1.1185121741692612,1.474672548167767,0.8587395352093423,-0.1790254547301941,1.2130784330424884,0.5118287687279937,1.560000000000002,1.963637201112103
0.6193398480433568,0.992493592333356,1.1185121741692612,-0.6200821942666318,-1.1402522126415218,-1.466973464426968,-0.5184009242155648,-1.5245815751717868,1.0399999999999994,1.8826234597965716
0.5947458196809504,-0.6002653278378445,-0.5624432538618394,-1.1376973933684495,1.2202020425956874,-0.6250025477317919,0.4659949088558903,2.2077238833085695,2.8899999999999904,2.418561361676651
0.5844336500484326,0.6304555868353627,1.1185121741692612,0.9610468920468156,0.5755950514422956,0.2890390248443772,0.4739952783386518,-0.5574875230781176,2.0,2.1086493503906536
0.6052672706127398,-0.6765026479339584,-0.753500752981073,0.1474873562583326,1.3764928686001132,3.1756366570389387,-0.1114666832222951,0.7873082059981148,1.7599999999999956,2.1857782637526895
0.5684832351504238,0.6129243980893798,-0.9375469677290292,1.6678436807053931,-1.012853315663391,0.0100568451870779,1.1990268625682017,0.7961188008738582,1.2100000000000015,1.6282690282333527
0.6272546745097132,0.618403735313943,-0.1855867189017688,0.8180623901704349,0.0191448461764106,-0.4640143656555081,0.4194039294700312,0.6680301243849601,1.9300000000000057,1.6495262164993292
0.6043711325262762,-0.2706783962243097,-0.0330912838249603,1.082458826391384,1.1542646152434854,-0.3051278908477204,1.410438868320686,0.5728542655015768,2.699999999999992,2.0214260352333686
-2.055792961637142,1.572125049862865,1.1185121741692612,0.4311862713835001,-0.0430718634296251,0.2979193867293044,-1.5029029753789234,-0.1012487480960189,2.6771286441461113,1.904756573581512
0.5712623872735346,0.4235851883637048,1.1185121741692612,-0.1593945061500194,-1.2742492049246332,-0.2843897484473309,1.0958235403507135,-0.7759654574186985,1.3300000000000052,1.6233522002769742
0.6360958110661317,0.6198310082503226,-1.4528763690232418,0.6919701541587697,0.8511266475604314,0.0352189516529768,-1.8385014118804224,-0.0832925075535679,2.3999999999999932,2.2964125553293266
0.6590922022590138,-0.8635553160192155,-0.9655921052144196,1.6728042320686358,1.1448613483179382,0.9495135075115054,-0.0666857817314588,0.3252742932597948,1.6100000000000074,2.2423048581949767
-0.7189264289581618,0.6422879171550104,1.1185121741692612,-0.1693737293026473,-0.1381817293424538,-0.6158692025642397,-1.3908837415491837,-1.55298434160807,2.0500000000000065,2.1584538236270734
-2.064927535718475,-0.6046641971123238,1.1185121741692612,0.930300203569257,-0.1673481610707787,1.0319601105491412,-0.8329757791022532,-0.2785628160576585,4.281441191316665,2.8318955293498904
0.560324444370888,1.6226459740652095,1.1185121741692612,0.4184824641112842,-1.6228673885893636,1.1730664013341718,0.9941779568046256,0.1854486860299261,1.1200000000000028,1.5212212086502348
0.6103448934295349,-0.7730622395645338,0.4103724526628994,-1.3318093063643932,-1.5220071821039076,0.1853093923360265,0.1242519742553247,-1.727236699647407,1.6999999999999944,1.7610223495488708
0.639210626728969,-0.8426737880897842,1.1185121741692612,1.6148774690980656,0.0731725271029006,-0.9938197396220972,0.6806407709694808,-0.3630023841046378,2.360000000000009,1.77378984952994
0.6037653260231665,-0.1138936580505957,1.1185121741692612,-0.8406388958017931,-0.2383115050187157,0.280268937723244,0.6728368764545635,-1.8493948643230436,5.174854368932777,1.9290259732192738
0.605653294776072,-0.6144016679637219,1.1185121741692612,-0.4728586720584899,-1.3921488210067707,-0.5134498937239951,-0.3351239818435554,-0.9000854178034926,3.1000000000000103,1.8676825987815586
-2.045630025100707,-0.6192296214117736,1.1185121741692612,0.7289121049634242,0.2870267413447629,-0.3159802249849778,-0.4242223395190856,0.5217234841767843,4.509999999999993,3.5269285265052592
0.5851138512466365,-1.3506583758289832,-1.0409634122064515,-1.26368639102277,-0.8431017791301967,-0.4304324566134246,-1.79966701340506,0.8751862750926446,2.339999999999992,2.033345387319354
0.6217361558956527,-1.0999255127586978,-2.111937099930062,2.6450537623269335,1.6685845290964127,-1.273703577644178,1.123906539764879,1.777621326262523,1.5500000000000052,2.5192764002656607
0.5955901920750051,-0.8677512244632939,-1.4143143049808156,-0.1700587407451722,1.3299079961562046,-0.1895923718306523,-1.2193793360305445,1.4114288615210713,1.0999999999999963,2.250170873178614
0.6040791740211308,0.1178948176063769,-0.2749805946365057,-1.417361450657483,-2.2886612496154406,1.1995063977139362,-1.315906119617119,-1.652299262283881,1.2299999999999964,1.9117999092717235
-2.038961716507384,-0.6136102087537039,-0.1750697923447963,-0.8761230389110298,-0.5575717248162504,1.234781348722452,-1.6566655392917464,-0.9647592454129482,2.220000000000009,2.9874370147522042
0.619626482077279,-0.9047832408081634,-0.970850568492952,-1.051926718441852,-0.7241379239860946,-0.1971267329187114,-3.2503703406326045,-2.4647330253416606,0.860000000000002,2.47891773633993
0.6221665506524757,1.6263959628751354,1.1185121741692612,-0.184961169288895,-0.4646849875422172,-0.4400523080929922,0.3921360921564104,0.3106448701677859,2.1800000000000055,1.6996846919919602
-1.994930558059726,-0.6019383654880734,-0.1750697923447963,-0.0186424587258519,-0.5878388656598649,-0.9006570242143375,-0.979803004668307,0.1498893056102772,2.3500000000000068,2.6717653554631404
0.6088666131564852,1.6201171338351747,-1.3932804518667647,0.03633994083544,0.3898161707451584,-0.7126904454394626,1.1934176352470127,0.1564470505543185,1.169999999999996,1.6648228008086599
0.6164514703092578,4.604945262569338,-0.622039171018268,-2.376998382484951,-3.101102765536521,3.608290669060329,-1.0893794123990257,-2.5892222860072702,1.340000000000003,1.6881633012266215
-0.7358595045999441,1.6224602338203142,1.1185121741692612,0.7006000124583193,-1.9344664944557084,0.087268640305779,0.3615827145443321,-0.4911034698820694,1.25,1.5212212086502348
0.592021021534849,0.6278019386238208,-0.2907559844720603,0.1116896024848137,0.7840613945356509,0.9945769655213608,-1.972489549341298,-0.1515131354561218,1.2700000000000038,2.0335328868759888
0.6142999402310371,0.6277959416787103,-1.0006485270711942,0.5177902122468898,-0.4752692835122603,1.6771777552668037,-0.1153446886558489,0.5820461639711422,1.0399999999999994,1.7088867537523265
-2.03939832314731,-0.6159393066972756,1.1185121741692612,-0.2351543186076576,0.4091030795574619,-1.31983086279015,-0.6809919406959891,0.7827404596918989,3.48998612075,3.4963771518436797
-2.050483428518372,-0.3244553847266264,-0.8832095138510795,-0.2738996919109783,-1.8339208314536943,1.0719217390319438,-1.1477203169156651,-0.75399819637936,3.5899999999999976,2.32361816987038
-0.7238383276082533,-1.1808486752090954,-0.0330912838249603,0.4001579992884808,1.1360593224009208,0.4575323776299301,1.028181047222133,0.4266333621961532,1.689999999999998,2.7675971218796733
-0.742200358213318,0.1285373870267443,-0.0330912838249603,1.4607791929552008,-0.2346744538654792,0.6847956929269373,1.6086144656994463,0.2987364656213379,1.8799999999999968,1.8971544401145903
0.5937116890487217,0.6524661222086711,-0.8130966701375464,-1.4625125070221656,0.4931594300847645,-1.0200067527186392,-1.195534419481269,0.9403745241186632,3.874999999999996,2.6495422001252233
0.6058945229026922,-0.849255737947067,-0.7482422897025992,1.60166926590679,1.0358183774209293,0.041835437498537,1.24560131069466,0.2002777858559588,3.87,2.022631036897111
0.5941920746742309,1.6209581366146646,1.1185121741692612,-0.3148637382317024,-1.2034904365228714,0.94888429268119,0.0147240202158474,-0.8640285377244291,1.169999999999996,1.7191453931470169
-2.0439491191173924,-0.8474224058052716,1.1185121741692612,-0.1204642248005223,0.5918810326432367,-0.0249262020343347,-0.6222415549843641,1.0263878155781678,2.3199999999999945,2.846873768984908
0.6228403920655816,0.1365090326322283,0.3665519253419644,-1.1061585029828171,0.3197060544212431,0.826505251539276,-0.7160161689056276,1.1787479323680703,1.2700000000000038,2.764359035787997
-0.7291431278636804,1.8117210981346317,1.1185121741692612,-0.7598882314999136,-1.1102984663554796,-0.3853527817265816,-0.285990798787993,-1.5935971227633885,2.4300000000000055,1.6546222919727713
0.593389706441982,0.1250166025593156,0.3665519253419644,-1.2616234126870225,0.6420218640041748,-0.4828908105684898,-1.3481852086970438,1.2124887879554889,3.8300000000000063,2.751600977801486
0.6212507416028923,1.516240113616883,0.4664627276337274,-1.4739682768666966,0.8968127262666462,-0.8765522581329241,-1.994149679449558,1.6206235199036063,2.490000000000006,2.8218494366116005
0.6279291075307358,0.6296140338774239,-0.9375469677290292,0.7464639838155541,-0.0350320616270933,0.6549825861167746,-0.195608133271527,0.7377590449058113,1.280000000000001,1.6788756259793918
0.5729137128611769,-0.589546091050393,-0.2942616266577157,-0.6973611323224498,-0.3390701102262012,0.3579283186492834,-2.23462458926715,-1.6000482606374953,1.1299999999999972,1.9765529790975602
0.6028190491660671,1.2107912952804862,-1.8297329039832688,0.0025791510254343,0.8930838563909168,-0.7802198823942185,0.5048636999513475,0.3292339844266913,2.509999999999994,2.171658358716622
0.6042844619669803,-0.8410642685416686,-1.3950332729596118,-0.4834871751564191,0.1499344379057473,0.1630338899894398,-0.1081957740385068,0.3100762991284466,3.269999999999992,1.918948040239756
0.5915512848517864,0.3172984142187565,-0.1540359392306695,0.2412172467569204,-0.2771657559004081,-1.2417109225552354,1.105296522019758,-0.7711856250898034,1.1100000000000043,1.9384276819308999
0.6037410700987443,-0.8523310154141728,1.1185121741692612,0.85444752830271,1.000439508091385,0.3615738726151432,1.4221304590074153,0.9635911748923252,2.1299999999999963,1.913440944968672
0.5652378959917326,1.608062723983965,-0.6763766248962402,0.065816119414359,0.4493685069731046,0.9465944696382844,0.8367171411522799,0.2098430910993871,1.6399999999999926,1.6886126925214289
0.5763829756150082,-0.5982781107834356,1.1185121741692612,0.65571895168497,-1.9466744371997808,0.5416979696374038,0.1773760313429713,-0.9620664297960148,2.2900000000000063,1.7684219273078055
0.5824226268495843,-0.0745325902427461,1.1185121741692612,-0.6652415593594275,-0.5907289672150675,2.155578872286898,-0.4988999285941181,-1.21826084554556,1.5999999999999988,1.7708147537939092
-2.062854837394674,-0.6056906375385636,-0.8832095138510795,0.6216541347624197,-0.8417909166958568,-1.714549650740132,0.4937096602162469,1.5186473708907886,1.8300000000000007,2.525616088064262
-2.047976933692252,-0.854936027850686,1.1185121741692612,0.0091555651020929,0.5291220777031796,-0.7245611994569929,0.0667663248936159,1.0046749449542514,3.1000000000000103,2.5671009339721853
0.6394645744257034,0.1231962271200342,-0.8130966701375464,-1.1793383901892878,0.1280628749613312,0.3401416478759571,-1.5944952730473647,0.8668382082450092,2.5199999999999947,2.380397766824389
0.5934016865022207,1.640945321963828,-0.9831203161427902,0.7955465713023872,-0.3899932027779959,-0.6985817623865683,-0.0007055352358506,0.4703118016837,0.96,1.6361755764056423
-0.6891184861059978,0.1035013240727182,-0.0330912838249603,0.0274036946518079,0.6582048709368954,-1.1479319658192282,2.5972616826491,-0.107658709694487,3.6399999999999895,2.23182739735875
-0.7164609769310111,1.6166719713957711,1.1185121741692612,-0.8291426285017279,-0.9518121431408836,-0.4871850396170368,-0.7752106184468607,0.0882230383002807,0.9399999999999984,1.667733569260481
-0.702960928058372,1.6371051313969407,1.1185121741692612,0.3504706614366693,-1.7138084270655285,0.1755338588364892,0.7860037977172011,-0.0240043111779924,1.280000000000001,1.5339087556973632
-2.0396486472455786,-0.5784162835942263,1.1185121741692612,1.8433384534089072,0.0859242597950171,-0.7990096387220446,0.6100312018036137,0.1915382623601312,3.410041637750001,2.863466510832013
-0.7205816739482057,0.6432756250183315,1.1185121741692612,0.6425538362190737,0.22639514897407,3.5942577979674333,-1.680520526608202,-1.0823677136565812,3.3399999999999954,2.3542412347698094
0.6140325334543222,-0.8496612469740323,1.1185121741692612,0.7030645359376246,0.0282355861979391,1.126666672654132,-1.181450736560577,-1.39546196077831,2.579999999999996,2.0233777969997457
0.6103400126642151,0.9877426554960984,-1.4528763690232418,-0.0468068330991649,0.3260566062597032,1.537647744932581,-3.079686417619788,-0.6358262336235029,2.310000000000002,2.0023318631958724
0.5997157698575105,-0.873649742649318,-1.1180875402912418,0.3361489013446966,0.8408503304642378,-0.5711300820963252,-0.6315294625541229,-0.0986055696333189,2.019999999999998,2.1228334275438545
0.6268906877411313,-0.5614234444620942,-0.3398349750715015,2.3831016331517945,1.674873425091782,0.3401157008727504,2.550941853920003,1.1845272764843646,1.5699999999999947,2.5125932244381133
-2.0952611961524843,-0.6216329659372462,-0.304778553214748,-0.6540634251842311,-0.5599798638902688,-1.3798268212084597,0.6987130477485185,-0.999980190690104,3.1499999999999893,2.9883888989286818
-0.7699467693410602,2.137211772375943,1.1185121741692612,-0.4512104824811048,-1.7892901960907168,-0.6708703628446362,-1.155174584795385,-0.9610646617742902,1.8999999999999972,1.5841918363377006
0.6093786498053256,1.4713741064926225,-2.150499163972495,-2.6742602364420636,1.2971044654180153,2.8060664123491925,0.2581276231466347,-2.66894636509368,1.0900000000000027,2.565473262230417
0.6055932465729015,-1.097242842633892,-0.6606012350607292,2.200451777346952,0.3453302571349622,0.7244102802405077,0.8199460835024762,0.6801314369626628,2.0299999999999927,2.0149372960068583
0.6217976831186195,0.4516949023197934,1.1185121741692612,-0.4034930523108816,0.6077407003737736,-0.912761301261391,0.3020889922039773,0.0317652878329768,1.990000000000005,2.3077919433670497
-0.706011554262658,1.9998920039206032,1.1185121741692612,-0.3236997765873645,-1.526520630091525,1.5863145930279028,-0.3270306952822232,-0.3119494428625708,1.0900000000000027,1.5657745614939578
0.6476673660438014,-0.1070624636007619,0.3893385995489022,-0.1375652289863677,1.9800365533830016,-0.6894224702159423,-0.539242471962721,1.7266608906260767,3.9907756232666656,3.0998802669228542
0.6139869796449616,-0.8354279654051698,1.1185121741692612,1.5593368275910815,0.4483973738119814,0.8409447588850787,0.2720292721996662,0.2751712266509253,1.6100000000000074,2.227612560935373
0.5871134859931355,-0.5961487001084878,-1.6789902899992724,1.9351965069659525,1.8568721204028609,0.5642459155194518,1.282242942121025,1.5103805284773264,1.9800000000000015,2.229207998253743
-0.7650029978146403,0.6270176867515084,-0.0330912838249603,1.229986869280774,0.543309100070396,-1.3571556270606158,1.5623117382731695,0.9248166606191892,2.5,2.355675030740729
0.5916875025738104,0.116602008283306,-2.005015013267005,1.3462277282887651,0.0683808769673301,-0.8864056326424131,0.7144084334516576,-0.3753033734163732,1.0399999999999994,1.91106193908934
0.6041541603241145,-0.616224656750646,-0.7026689412888146,-1.1147389500291238,0.1885586271098755,1.1250060644416748,-0.1853707233669728,1.599976719978498,1.7599999999999956,2.266063480657913
0.5688441899284563,0.4364669758250719,-1.5019553596226856,0.5552602258577609,1.1989498698745655,0.1583180221364293,-2.0785132564208424,0.474934825729882,1.6299999999999968,2.352119122361625
0.5660112754362345,-0.3276302233498659,1.1185121741692612,-0.4191986281108482,-0.8095382603373349,0.507233862482778,-0.0209272557634191,-1.8923534240596207,1.409999999999997,1.96008650037079
0.6148124205858264,-1.110119246599124,1.1185121741692612,-0.0674007253102044,0.3513160655342335,-0.3847397837732537,0.517467930164608,0.6848131231002089,1.0,2.001730666111269
0.6106559312898743,2.1754733137676032,-0.327565227421606,-1.420159580889977,-1.1271008635114967,-1.5240078318864816,1.1128153948212216,-1.7454794819438235,2.459999999999993,1.7830450332493628
-2.182839281970901,1.913879969537756,1.1185121741692612,-2.2022611244918147,-1.6839297603922063,-1.1794093875567626,-1.538047292737175,-1.6183576169846183,2.490000000000006,1.5747193770769607
0.603023893405995,-0.8458408628313634,0.3455180722279647,-0.4642911414825751,1.4257492368090128,0.474281168270479,-0.7885171421621049,0.8463561134225279,1.460000000000002,2.331075157599326
0.6423346123144839,0.7381393291721513,0.3735632097133587,-1.2513748721686144,0.6032272523861544,0.4408354809957943,-0.8438544878621278,1.0962803130845375,3.899999999999995,2.9215691202344893
0.6115267781380592,-0.8459601140105176,-0.6693653405249207,1.3802932162316577,0.812326973040901,2.183118372932072,0.9246068167481886,1.656369039651587,1.2100000000000015,1.9704558952188844
0.5917707713875919,-1.1218846477102684,0.3034503659998281,1.5252000571582154,1.4863237642727378,-0.5413688692925093,-0.5214937898357199,1.2643675109451564,4.120000000000004,2.8298692708670443
-2.0444176725846304,-0.897394834302922,-0.8832095138510795,-1.825777499480895,-1.1479812669449174,-1.0222630957556813,0.5524649863042345,0.7156892033061463,3.7699999999999902,2.7000023945573597
-0.7164963255038196,1.6279395710448783,1.1185121741692612,-0.5806687108181288,-0.4728009044913346,-0.2214163713984198,-0.5170024176747867,-0.6865452521916285,1.0900000000000027,1.6032759573396203
-0.7121522964994015,0.1438599944187425,-0.0330912838249603,-0.6621453282797984,0.5632719491416052,-1.8851966048011248,1.7756656919668012,-0.0039283385265309,2.199999999999993,2.3934115393255166
0.5692213399731103,-0.8276867345347695,-0.3258124063287553,-1.3535683309892843,-1.523204129254036,0.8199082259462867,-1.0017947100365483,-2.098590864370157,1.6399999999999926,1.7915027009102358
0.5961720384576191,-0.8705431050105318,-1.563304097872022,0.1408471101524519,1.8031405763093735,-0.5706111420300028,0.397911772158261,1.444726367071851,1.9800000000000015,2.144189370030212
0.6190546930291947,-0.0876397200784621,-1.3564712089171878,0.5144651732744411,1.4593369545549022,0.3453180750373781,-2.199981720110107,0.8448918173727673,4.769999999999989,2.6552689599046086
0.5985467526211045,-0.5993913693691673,1.1185121741692612,-0.2387378516683808,0.0919186493833023,0.1759230638869112,0.4344124128436755,0.0712640533109709,1.660000000000001,1.7460041094966752
0.6346901506644169,-0.877922731094317,-1.2179983425830223,0.4913831196265565,1.0915156144826943,-0.5585392987371899,-1.697340988021649,0.2889534337695835,1.9300000000000057,2.622143493121994
0.6366817987041173,0.129265520697104,-0.5484206851190857,-1.318325614669286,0.0399627249213489,0.2431517494792275,-0.9938410841148244,0.065640389360227,4.0299999999999825,2.4419223315431338
0.6073457371136858,2.201218157864995,1.1185121741692612,-0.1911841581761627,-1.6683383368868951,1.6392172894143249,0.0165407486175335,0.3906182224513232,2.019999999999998,1.5841918363377006
0.6044391674362816,-0.7186892036551156,-0.970850568492952,-1.044623005141971,-1.1998063604538125,0.5095366590264903,-3.2149191498961898,-2.760977919951048,1.7599999999999956,2.2875385539487096
0.6195331559289767,-0.8569757594381981,1.1185121741692612,0.843562706173875,1.271163321438604,-0.2344612273157282,-0.0435830617240802,0.5672734700022066,2.699999999999992,2.2137059918209845
-2.0558735682152935,0.3908695145257381,0.320978576928175,0.3289998654786144,0.0803628770045714,0.5831483074353082,0.9148678148132302,0.1189845365167999,1.1399999999999952,2.0854152166618203
-0.7385761681372518,0.1327212740716768,-0.0330912838249603,-2.2196473863674893,-2.379485326485296,0.6556572082030003,1.6779545481535263,-2.598231453980059,1.340000000000003,2.0967550027395214
0.6257210788967905,1.4808159802170069,1.1185121741692612,0.3461435273856352,-0.4142105195522721,0.1126221059211396,-0.0243682279029684,-1.5497861295116682,1.8300000000000007,1.8178338872317905
0.6357769344009252,-0.2810065936780438,1.1973891233468723,0.0104999207883858,0.3373788844852658,1.4639842025170842,-0.464431492725767,-0.4442155371267186,1.800000000000006,2.180228069174035
-2.013841009200287,-0.6107616873349851,-0.7692761428166114,0.483030057214395,-0.4567941551810365,0.5081874148544371,1.1277239305806674,-0.7918798059349097,3.620000000000004,2.618046752471483
0.6070169510159537,-0.6089944041161789,-2.234634576428732,-0.6718236233052884,0.6091898057631804,-0.6734715499270828,1.906452655556438,1.058596688087326,2.800000000000008,2.035798237435691
0.622878254972034,0.6529617367113725,-1.6544507946995326,0.1028875306511779,-0.3339345260348068,-0.3058544069406249,-0.652584776586386,-0.8596785180265302,1.970000000000007,2.15898089253185
0.5607061793768535,-0.7394354977214054,-0.7692761428166114,-0.1552902160176719,-0.2173062131056378,0.9084458880124582,2.743715339756036,-0.8912240576564073,1.3300000000000052,2.0660867167551897
0.6212995492557177,-0.6128574683521426,-1.2092342371188285,0.515599102712504,0.7263205473093364,-0.1268590045631612,0.1370462189442331,-0.2716147425826463,2.0,2.805380681562058
0.6380191283918366,0.1396032362380321,-0.2749805946365057,-1.682182618953349,0.0967947384188048,-1.4955180222452318,-0.3694347056971245,1.1821774084784495,1.1299999999999972,1.7090387021455888
0.574521111561259,1.6281189017108275,-1.1671665308907602,-0.7640572378839766,-0.7507783111032871,-0.5146888631323869,1.3471944502454916,0.420755871888528,1.59,1.6415507181107158
0.5702909670800972,-0.7560511895256946,-0.0330912838249603,0.9010286345233642,1.5808255671317786,0.5393627393390528,1.4888559422765029,1.2567640014109756,2.0699999999999945,2.5769955705793706
0.5915842669929553,-0.6126942166514094,-0.3906667867637511,0.34614722906131,1.4196968383829722,0.1493079252352037,0.8937724077266292,1.6395454287192632,1.1899999999999982,2.1559019387966893
-2.0200237555988547,-0.6123352802302797,-0.1750697923447963,0.4083047632094421,0.7864763127489994,0.2147138338445237,-0.808235514343709,1.4055152714649315,2.1000000000000045,3.6154690161075154
-2.073254712900308,-0.6048091966429631,-0.2171374985728781,0.5143434525591423,-1.2039299745590024,0.3478632401806759,-0.5645744417984205,-2.1088087853799595,4.549999999999988,3.5397218066847356
0.6127823180317933,-0.8659512331356043,1.1185121741692612,1.028136742979712,0.6642496321047132,0.0816576008382247,0.7147749713751839,0.7808531197140556,1.300000000000004,2.089316191404914
-0.723993772587439,1.9550894022046827,-0.0330912838249603,-1.260437017108695,-1.455411419210698,2.4422722545859408,0.060492616951061,-1.556316130828778,1.7400000000000044,1.694917195309128
-2.0509019911169513,-0.61124339607735,-0.1750697923447963,-1.2869112956894422,0.1314814919481252,0.399180810547024,-2.427037047599457,0.2710513428499086,3.820000000000008,3.6158641572125427
0.5550393150785534,0.1363713229660597,-0.730714078774261,-0.5832678879476656,0.3378843594243458,-0.1660973603279128,-0.6466612653224785,0.8333793819429778,1.6399999999999926,2.121194441615367
0.5594886502915396,0.135565366553873,-1.012918274721036,1.4170444630576529,1.9742025462174544,2.5506424119665305,-0.0130971392508675,1.41113442294711,2.920000000000004,2.249659276865509
-0.7292111627737039,-0.0526883685978244,-0.0330912838249603,1.2477760947349068,1.0923211306957847,-0.7427370752799449,2.1370485227705234,0.351121713207578,3.1100000000000105,2.525068626872916
0.6066809177212712,1.6982684422339351,1.1185121741692612,-0.1644388444671448,0.353866909781612,1.4686741233670209,0.29344542372117,-0.15425558822732,1.6999999999999944,1.6586433110260368
-0.7130268408970365,0.633074078643913,1.1185121741692612,-0.8228207242907042,0.3480708314715302,0.2992297103966804,-0.5263515099057001,-0.2662663392144569,2.58999999999999,1.9755140639133817
-2.0470543211516397,-2.176599470910499,1.1185121741692612,-0.3491906906565115,-1.7141837682731542,-0.8758970962996012,-1.7847727287312944,-1.18445441814925,1.25,2.045844063913533
0.5946931665766618,-0.6237925539002033,-2.0926560679088726,1.0961720280108822,-0.518290731404705,-0.5633589546032923,1.33300606934873,-0.8804155673229833,1.689999999999998,2.2444899273257723
0.5740126245598917,1.9174478181258632,-0.1663056868805687,0.6661965986756964,0.6889508421276977,1.129575980400669,0.5110081980504325,-0.2903640494756493,1.7900000000000025,1.6836213537700369
0.615938694150542,0.6066607539746613,-1.0006485270711942,-1.6154800667310711,-0.1657286332674726,-1.7789436262206777,-1.5436306780896638,-0.0930337990710796,1.2599999999999971,2.4956924653106314
0.6170340562017564,-0.4799968249652667,-1.0409634122064515,-1.3717705873664232,-0.7300300258012812,0.2870865128446842,-1.4307124857756532,1.133617606119292,2.1299999999999963,2.1342476279111424
-2.0595924155574816,-0.6175766102571436,-0.8832095138510795,0.1199032100962561,-0.7356730156992886,-0.3206117650768036,-1.4501996103403842,-1.328626660725588,1.6399999999999926,2.609441093482318
0.5900224221021885,2.1144121710688775,-0.7482422897025992,1.8054925644033617,-0.949090962291496,1.5497260749765605,0.9113620477375062,0.703017549413822,2.879999999999997,1.6229799143434551
0.591774468937051,0.5793908839846954,1.1185121741692612,1.163480593696992,0.0941962685723748,-0.5346779228559773,2.295376184460795,0.8256878792717146,1.689999999999998,1.589756522007658
0.648670880966519,-0.55358917841571,-0.2942616266577157,-1.5827470240648651,-1.6469749090501595,0.5463230229786602,-1.304703436176249,-2.495615090976139,1.7599999999999956,1.869385239386598
0.6056470828929964,0.2424703983561239,-0.622039171018268,-0.3795964529834825,-1.0818652114168332,-0.1604798341099219,-0.7367062751156948,-2.34656060108436,1.910000000000004,2.427963736099891
-2.03084988460594,-0.3502556571311613,1.1185121741692612,0.8790232413630945,-0.4485901523266543,1.6538917098085733,-1.8137904093511372,-0.4102750048052178,1.75,2.5203126645797123
-2.078997746717425,0.5392641006113595,-1.728069280598696,0.4089650112035212,-1.3362012314330682,-0.228876134852177,1.7797586037722886,-2.6717824097795786,4.730000000000011,2.5268718161884904
0.6209775666489871,0.6612412071599313,-0.8884679771295956,-0.1445181435924412,-1.2625738107709985,0.3039066577446155,-1.4654672734588243,-2.69595652970488,1.92,2.2412172151040712
-2.031796457267002,-1.117430157991538,1.1185121741692612,-0.9118737598628784,-2.1058465690406747,1.95746701521636,-1.4441104064537074,-0.9053531607961036,2.089999999999994,2.031108536050094
0.5926774105145162,0.624030988014934,-1.4528763690232418,0.1666184532303044,1.032018626923918,0.1372685156959676,-2.9844777644508067,0.6064890780776782,2.5,2.075168816373264
0.6100206922931052,2.1152293236125317,-0.7482422897025992,1.727380764981463,1.1567756427738272,-0.4370684027116885,0.8747500585693283,0.3986899005992954,4.92138632162778,1.6864803268802406
0.6053023233816126,-0.4618267027310342,-1.505461001808326,1.3990576288256351,0.820240802988651,-0.9459799522572544,0.2774268233949224,0.1155742383978138,1.3899999999999937,2.073731763078176
0.5879460262289465,-0.8565698102684697,1.1185121741692612,1.2005766587107978,0.7746860164744173,-0.0072238590217948,0.9698694049347834,-0.2193851751619475,1.4399999999999984,2.416579574073332
-2.0325263535298927,-1.7929682376105147,1.1185121741692612,-1.1804661644857892,-0.7744052420731473,-0.2916678828773807,-1.5992845879061195,-1.1952471148427333,1.959999999999996,2.6395993873771832
0.5883585248463908,0.1202733215748026,0.3665519253419644,-0.9374757676557566,0.7347924119789025,-0.095917203107936,-0.7137838788457243,1.3776665717080063,3.029999999999986,2.8334486265112817
0.625111426942263,-0.3603529997070547,-1.2092342371188285,1.4856252708441078,-0.1946532470892766,0.2030506558539072,1.0726672362612155,0.8830345860466254,2.3000000000000074,1.7309724838426603
-0.6785078502812779,-0.6418001971843452,1.1185121741692612,-1.005575809504175,-1.2476468324747918,1.7120116072188825,-1.5089068627660225,-1.7046055416702193,1.1399999999999952,1.8277685635752647
0.6299911569120995,-0.8602582616186981,-0.9410526099147034,-0.2591612137403864,1.1072586638544843,-1.3353082502682656,0.0963650697800389,0.3401722082314357,2.4300000000000055,2.2068672129627505
-0.7264789695287026,-1.1751830200522573,-0.0330912838249603,-0.2341754559234418,1.2568638854952516,1.274405666162175,0.6892222047187678,0.6331938670530877,3.190000000000004,2.815854707691968
0.5699672096496526,0.6890179565563684,0.3455180722279647,0.3911693061556167,0.491050946131233,-0.297590286384609,-0.4759782923820705,0.9003083157184475,3.129999999999996,2.1158052190323766
-0.733272255293668,1.7688210434899,1.1185121741692612,0.0377149285999342,-1.895041337068669,0.8245073322842701,0.2865916015844553,-1.3855599125681235,1.25,1.5519786399597169
-2.0599598040715503,-0.8586544364175439,1.1185121741692612,0.4540299675617942,0.4145817396857832,-2.855426413059271,1.2495935148280684,0.8253799032920708,2.189999999999998,2.920192272406448
0.5902231250867266,-0.6066503963366002,-1.3144035026891023,-1.0337408713890006,0.1725257051730758,0.0010791820392964,-1.493069536249591,-1.1704567406566229,1.9300000000000057,2.2316577629806376
0.5702942209236437,-0.6191018974844826,-2.0926560679088726,0.6945424938300853,0.6890537305840201,0.550098311961084,0.992515330142677,0.6399512887311303,1.7599999999999956,2.3815074886105996
-0.7146546500701138,1.5793739987879205,1.1185121741692612,-0.0011456706430704,-1.7531935102998502,-0.5805293840476411,0.7489110719256425,-0.9434694187171144,1.3700000000000032,1.5519786399597169
-2.0360906433047745,-0.283958961279304,-0.8832095138510795,-1.1482173075944495,-2.603527271348727,-0.5877373225669683,-1.1356156347588695,-1.1168458428578272,0.9399999999999984,2.4565506334166067
-2.038795918389733,-0.7443017986074608,-0.8832095138510795,-0.1286548872071832,-0.0078332965405147,-0.3838705591618501,-1.4479097458943162,0.0559047384284389,1.3100000000000018,2.7741488720526166
0.5959815407095878,0.3501000001198607,-1.2179983425830223,-1.8381121116653192,-1.1670719793362476,2.171252446264718,2.021466517522387,-2.289412861074271,1.529999999999999,2.4162250619637513
0.6483244945333712,0.6376191303326985,-0.3941724289494713,2.4308807636416403,1.1593251998428704,0.5633183101508666,1.5224866043217684,0.775967244373902,4.379999999999996,2.036221692298505
0.6139488209345736,-0.360304776565866,-1.2092342371188285,0.9362219431119526,-0.946499185772494,1.3726248038405464,0.6872677158222231,0.790942999428309,2.0799999999999987,1.7341680317372166
0.6462983113817398,0.2277910924938968,-1.012918274721036,1.974519566712306,1.709648307432319,-2.5446310450854184,-0.3350075029699927,1.152991889908736,2.8500000000000094,2.5326356269486396
-0.7367846314741727,-1.1711581070706043,-0.0330912838249603,1.4943622863937058,1.2200628557098208,-0.2968345799129146,1.3223158549486815,0.478197340503331,3.1499999999999893,2.4461621548461663
0.6151505245082037,2.448780375989751,1.1185121741692612,-2.74583363887065,-2.588259162185109,2.791878953417208,-1.5067576090319523,-2.306797187063806,1.1899999999999982,1.5841918363377006
0.6015537477417662,0.6554311164053679,-0.1663056868805687,0.7186401928068185,1.4284608925385964,0.0109714770539271,0.152428270777001,0.8034989432140479,1.7799999999999951,1.9255085831655954
0.6002921438669334,0.8804307475987326,1.1185121741692612,-1.3919877369929192,-1.8341776983784983,0.4129683994344234,0.3675516392679105,-2.4124518119849228,1.8999999999999972,1.852241546697626
0.605132975616452,0.6239001280704713,-0.1207323384668303,0.9249417706995264,1.3162869032047075,0.3323510601302869,-0.9373805628492312,0.7500679310375374,1.400000000000004,1.9521114508778066
-2.049673813089209,-0.6063507141345915,-0.1750697923447963,1.3256004961481485,0.6873840028249698,0.9002855554693351,0.4416987079269482,1.2220168653332353,2.75,2.8157882725919494
-0.7326963249902211,0.6329348834959266,1.1185121741692612,-0.1466753526427875,0.234817757618677,0.0518899012835077,0.0892368667405004,-1.066417265391806,2.060000000000002,2.23390689417326
-2.05032680032338,-0.6022930380262099,-0.1750697923447963,0.6749298142371555,-0.5407918103754554,-0.8367300947935682,1.0125998602188608,-0.9252221239521276,4.0900000000000025,2.8495311412540802
-2.025775811436663,-0.112351782942971,-1.728069280598696,1.9047086243206597,1.6260947716755012,0.9723144366757802,1.6047514714094775,1.1036435336676012,1.3199999999999952,2.2369747386530228
-2.0530381393894372,-0.6457008523629433,1.1185121741692612,0.3074456657192805,-1.1252473266836862,1.79827241974415,-0.8123282361347172,-1.942814676152552,4.2600000000000025,2.711778063312623
0.5838163071910422,0.6325987244626498,1.1185121741692612,-0.1339426780758456,-0.1565828878243449,0.6912500100020913,-0.1292972615882848,-1.2659800596195672,2.1399999999999912,1.9382807919786003
0.6051502801479139,-0.9189306807842822,-1.9717114125031232,1.481904882484942,1.2329055490055258,-0.9622681835889948,-0.2987949242296264,0.8795069637449425,3.6799999999999935,2.3463165537022914
0.5905022161197445,1.6083516777061893,-1.1671665308907602,-0.3685350066719652,-1.2768293110265765,0.0097584546487418,-0.3216308639132043,-0.6888545079804503,1.810000000000002,1.6710867665666957
0.6054197575523692,0.6270559241538195,0.4822381174692273,-1.0507048089354918,0.5070730557698767,-0.0371796743504567,-1.5443485527786822,0.1716676070284217,3.269999999999992,2.749814068863836
0.5856741039403764,0.1418964350377068,0.3665519253419644,-1.3113938530519849,0.765118677214851,-0.7560803217355231,-0.8382621718292798,1.3861387314412026,1.169999999999996,2.920613161501126
-2.0951839913198107,1.557510423248682,1.1185121741692612,-1.3490926245401131,-0.3205628024361564,-1.0387491381133498,-1.0479218640873735,-0.5088464962847598,3.6799999999999935,2.0323316124284823
-2.07779441622204,-0.5942987800864076,-0.1750697923447963,0.996460808769408,0.3379346451919864,0.6345882415101668,-0.5124202185944995,0.5983948375868654,4.200000000000009,3.223682423067419
0.5863464663336951,0.187766985663645,-0.1575415814163884,-2.2871194028396578,-1.783271178489952,-1.1404203083589914,-0.1808493289189364,0.2111347852264759,3.1999999999999975,1.81144404564246
-0.7131180964176347,-0.7735188876784789,1.1185121741692612,-0.6818481326136637,0.2302773217916062,0.3263248686100995,-0.079585104425529,-0.2222979736214784,3.960000000000003,2.042013537968223
0.6081719175644442,-0.060950976076874,1.1185121741692612,0.4745294206554863,-0.6887555792749929,1.3581788097442409,0.6059548212575085,-0.7903500790909255,1.1500000000000037,1.8158583431924025
0.5962464331527043,0.648550791019902,-0.0313384627321083,1.577521861098878,1.3197321647834026,-0.8387280140490387,1.1140124860177991,0.8604395278179751,1.1399999999999952,2.1065458366261582
0.579701674154919,-0.8309686315189778,-1.1180875402912418,0.689764020479122,1.078555187273661,-0.2579562388187996,-0.5928732976569276,0.2538746312522592,2.019999999999998,2.4419696748735897
0.6177323014412888,-0.5953667039678225,1.1185121741692612,0.4957860866440332,0.6395821461545724,-1.134478444599657,0.6903866134255636,-0.4207597255190166,2.810000000000002,2.4093231760084697
0.603948206819337,0.6293070067930991,1.1185121741692612,1.809348683400404,1.0583708577138953,0.5611841691277318,0.6041884466918437,0.2492933475403063,1.9300000000000057,2.3467048420716057
-0.7339570414531561,-0.1933231685345532,1.1185121741692612,0.5546211494476471,-0.1629223270230291,0.8380970752709747,-0.3785386792544552,-0.3452435640619166,2.060000000000002,2.4379401022996667
0.6055039137780304,-0.597174810427656,-0.872692587294036,0.2338333599252819,0.4924850344398711,-0.4004117737764144,-0.3513001041700753,0.7810482839795365,1.7599999999999956,2.0706138199423703
0.6003551501096875,-0.5994416831884721,-1.9086098531609237,0.5534325068436035,0.3824952151466479,0.1328272536289401,0.6836065169054193,-0.6932572671547621,3.230000000000008,2.23698856463783
-2.0746963134827294,-0.6073969059672049,-0.8832095138510795,-0.8299850039230515,-0.218040076390427,-0.4491791665093113,-0.9954719783593206,-0.3550446457879373,1.800000000000006,3.143504959444545
0.5885902872463706,-0.8561734066948592,-0.3433406172571632,-0.4869582720806247,0.6415002993356852,-1.0777193748452762,0.5022489107519369,-0.3817212318348049,1.300000000000004,2.333376857949041
-0.7382714900619559,0.635889424302063,1.1185121741692612,0.9075737346431524,0.7449114358804099,0.3025379533196596,-0.3834678447672917,0.0332408650541307,3.4987014428416616,2.4810617753237
-2.063798156212235,-0.8555004284141661,1.1185121741692612,0.8540459897353992,0.658051181841591,1.246749404001841,0.5326639578257493,1.1971554197671506,2.5299999999999887,2.651797141934712
0.6375919874785237,-0.8528188586462621,-0.327565227421606,-0.7648117915252505,0.59625271938828,-0.1358431544612467,-1.3605992344201834,0.0128997848743676,2.2400000000000055,1.7801117306775003
0.6105241506272212,-0.198351153112759,1.1185121741692612,0.3923897042557759,-0.3290669323764348,1.034048844315901,0.0468885305669656,-0.2583847488048055,1.0600000000000018,1.8731311774945072
0.6334726215791121,1.4701880042800308,1.1185121741692612,-0.7268865610755249,-1.2834849670405577,2.375761899054418,0.4724778227360994,-0.3501728719120434,1.7400000000000044,1.705831057216708
0.6258365903418381,0.632050361600999,-0.8902207982224438,0.6540558277894563,1.202530199368402,0.7936628320916338,-0.922940602786727,0.9540450476402582,1.8799999999999968,2.4024170844978987
0.6244201330957363,0.6403005075381483,1.1185121741692612,0.152471403398537,1.283961392551427,-1.1076751901736726,-1.437669295758131,0.6181707310787278,1.4499999999999953,2.450386049468907
0.6113667481975529,1.625579195456393,1.1185121741692612,0.0640759073609425,-1.8570366238997251,0.0515525902402952,-0.5355808930169771,-0.3330824612757411,1.0500000000000025,1.5519786399597169
0.6210778441902767,-0.860507795054939,-1.4143143049808156,-0.2736527923303509,1.137790448567397,0.1236203919514839,-1.5615604440119537,0.3641289038499639,1.6800000000000053,2.1947598641455555
0.6404043435957734,-0.6120366983851769,-0.7938156381163588,-1.3425384532319466,0.9046000694882764,-0.1392357251446142,-0.8162579255056469,1.6317332175138737,2.7599999999999936,2.662138508554446
0.6090023871725422,1.0461113493326728,1.1185121741692612,0.9990553305428842,0.3668137276334956,-2.432201598590388,0.125397951557958,-0.0643937644880262,2.1800000000000055,2.166041124223791
0.6088879110413601,1.6678105070629146,-1.6001133408215291,0.4275613021156967,-1.9493376447197752,2.138685210880182,1.0786659932574667,-0.1493196867355302,1.4499999999999953,1.5580164193658181
0.614684929080531,0.1565945073615796,-0.0330912838249603,-0.1874017776706268,1.3745766032805842,1.1562839975310628,0.6989277641059971,0.2852475689594916,1.8700000000000032,2.4170326526711263
0.599466407122133,-0.6109236323618987,1.1185121741692612,0.5749221986043591,0.9530654236935217,-0.5109589814059398,0.0935099122689167,0.079145079662032,4.360000000000011,2.539458347203496
0.576406270176585,0.6287941579504346,-1.4528763690232418,1.0306106305477594,1.6842022931085463,-0.0481796181069797,0.5346222470117752,0.714879701157498,1.3199999999999952,2.054841956059096
0.6195676170899238,-0.06128551208372,-0.3240595852359469,-1.0470715403338735,0.4878202571839288,1.4920166962256396,-0.3548096715353168,1.0917261041840045,1.0999999999999963,1.6364032894693086
-2.0472023710319345,-0.6147665738210398,-0.1750697923447963,0.1921608603773586,0.3225398204705375,-0.0228504417689789,-1.058748698895381,1.2635913663517755,1.2400000000000029,3.316235450528578
-2.0721967700495876,-0.5983027587780223,-0.7692761428166114,1.4324206255818304,-0.6977644118473433,0.9199274369801638,1.2133216515713092,-1.1972201917233425,4.66,2.438646289795016
-0.7317178055018193,1.6981951722187851,1.1185121741692612,0.2008613100159477,-1.6478740031294874,0.099826989910541,0.186285620091699,0.3975538866377163,1.2100000000000015,1.548496712022753
-2.0946157519192083,-0.5981752549221103,-0.1750697923447963,0.5154512769331285,0.3730771885759912,-1.4193570807609115,0.9533495464217882,0.7489206359046057,2.75,3.084067851117478
-2.060017633745076,-0.8608043412397769,1.1185121741692612,-0.4021893201955562,0.1923140128596693,-0.3472852844861575,-0.5607397596653027,0.3825352631319218,2.0799999999999987,2.656490455200347
0.6093369414474554,-1.1075418806297486,-0.1540359392306695,0.398670319341369,0.4040866880815211,-0.7239838786330243,0.6404128063296969,-0.6550719120587893,1.4799999999999964,1.8960350610331727
0.5824803086211243,0.6497775239110589,-0.1785754345304517,-0.2660119572471981,0.49702757265825,0.2717842676387774,-3.4527051648688607,0.6543077074748244,1.340000000000003,2.0228917416514145
-0.7449183528684179,0.1432916600793366,-0.0330912838249603,0.9462097677610856,0.7527818450117413,-1.2904264212819183,2.356633051120717,0.1539539116714135,1.8799999999999968,2.3758533571520046
-2.0419525903124267,-0.5338235499285768,1.1185121741692612,0.6405987968382656,-0.0286113585684101,0.5581567098478424,-1.5377204678390526,0.6840347222725071,1.300000000000004,3.3672595341190834
0.5963415341247386,0.2512616742461604,-1.6001133408215291,0.3005070175423034,-0.9837260141569868,-0.3434581014969223,0.9897525196667546,0.4155360738744557,1.6100000000000074,1.8901983876476747
0.5985389138162465,-0.6120056958294869,-0.872692587294036,-0.2937633948174979,1.093408882215657,-0.3801731111895108,-1.4204807763053542,0.2875150844140752,1.4399999999999984,2.2360077219735213
0.5864088809685234,-0.1432131353312538,1.1185121741692612,0.9094819722010358,-1.011930065536982,0.6784646241179109,0.4898343149853656,-0.4565977508726634,1.1399999999999952,1.8461139139903273
0.6100507163946813,-0.8536866000984455,-0.7692761428166114,0.6807325732857372,-0.3853831306020383,0.5796454619876158,2.0955588620124237,-0.1448312976265919,1.5399999999999994,2.1449131656005243
0.6325818079638718,-1.0287868889261411,-0.0330912838249603,0.436473978933805,1.2986764154788994,-0.2817172071056347,1.121605464464786,0.6422458789971021,4.502385575589445,2.5796911225619907
-2.042726709266813,-0.6051731396879931,-0.1750697923447963,-0.5130970755620065,-0.1569178974435976,-0.3878858579254283,-0.5381947321439855,0.5267007370054093,3.54,2.96075455844301
0.61664906735229,-0.915313766387083,1.1185121741692612,0.8328034151738501,-0.2064298992733173,-0.5758135161949623,0.8783052294087382,1.1493570964785644,1.1200000000000028,1.4787731853703836
0.5941176799791366,-0.958099026298112,-0.2890031633791934,0.0878620925292697,-2.2708186407267057,1.2714444644084946,-1.720101681972847,-2.3503285123372275,1.1800000000000046,1.770606313067574
0.5840899258508873,-0.4358331642195452,1.1185121741692612,-0.2331748596928043,0.4059195013378581,0.0261796643724965,-0.0649682408860604,-0.4357879380205143,2.5400000000000076,2.114864016716743
-2.074687143560061,-0.8572927997703186,1.1185121741692612,0.5141651322607308,0.3025030873618833,-0.2481028643093106,0.0577854807165052,0.574046685320262,1.5399999999999994,2.541667093959068
-2.0372243119683904,1.6188454238556915,-1.4546291901160353,0.4662247555848467,-1.5294578852803755,-0.3993998406467772,-0.2253583196950513,0.4273813038610102,1.0600000000000018,1.5150296311740152
0.7895133499334794,-1.1012683883207637,-2.111937099930062,-0.0278921719976855,1.8005454531266598,-0.5752361953712593,-0.1375144375877538,1.4269303191634843,1.5999999999999988,2.547451053800612
-0.7032851291947926,0.6250772623743142,-0.0330912838249603,-0.5302943212864683,0.4176072953096314,-1.3098553211401929,1.094465696907729,-0.4665635377013652,2.1000000000000045,2.3326801561114987
0.6310721724714355,1.638106236105533,1.1185121741692612,0.689306203436481,-2.180310866484037,0.5681120190135633,-0.3974795122016775,-1.0524940436305108,1.4399999999999984,1.5339087556973632
-0.753243015716616,0.4094505304103753,1.1185121741692612,-0.4041324402488981,-0.3665462444575321,-0.2626072391630635,0.9299549641798256,-0.1858562481909473,1.409999999999997,2.008122451810996
0.5846315428953912,-0.4752990875028082,1.1185121741692612,-0.9226132896229744,-0.1524349126769907,-1.3767975085712454,-0.137456293158206,-0.3620716874628107,3.0799999999999987,1.8343572983545469
0.6243781289338851,1.6249850852565817,1.1185121741692612,0.031718073564913,-0.2057073631580291,-0.4808604575589115,-0.0336126221577999,-0.3337142068750011,1.5500000000000052,1.6916730582102526
-2.0553930346878166,-0.6159825232145623,1.1185121741692612,-0.0832886918179233,0.225643436816125,-1.3985865046061483,0.4321928537536308,0.4570169411702079,5.279999999999981,3.466014542332131
0.5972628155475403,-0.6115333951386244,-1.2092342371188285,-0.7881558541455025,1.5872179522666978,-0.959602128998067,-0.1951840209618847,1.128907717053204,2.170000000000002,2.0985991895414973
0.5866467073496202,0.5419218884054912,0.3735632097133587,-1.3953926379946702,-1.3613013343498936,-0.8624435750802955,-0.8899189371359768,-2.382112930771854,3.928548770817774,2.0558356144597347
